{"initial":[1.0,1.0,1.0],"finitial":59039.16510561393,"final":[1.1671511877146212,5.831230546393055,0.0716427812878351],"fmin":58274.075052523716,"feval":184,"returnvalue":"FTOL_REACHED","xtol_zero_abs":0.001,"ftol_zero_abs":1.0e-5,"maxfeval":-1,"optimizer":"LN_BOBYQA","backend":"nlopt","ftol_rel":1.0e-12,"ftol_abs":1.0e-8,"xtol_rel":0.0,"xtol_abs":[1.0e-10,1.0e-10,1.0e-10],"initial_step":[0.75,0.75,0.75],"maxtime":-1.0,"rhobeg":1.0,"rhoend":1.0e-6,"fitlog":[],"nAGQ":1,"REML":false,"sigma":null}