{"initial":[1.0,1.0,0.0,1.0],"finitial":59039.16510561393,"final":[1.168702711626449,5.982673538828926,-0.07239744747076421,0.011003730338320942],"fmin":58131.456369114334,"feval":1267,"returnvalue":"FTOL_REACHED","xtol_zero_abs":0.001,"ftol_zero_abs":1.0e-5,"maxfeval":-1,"optimizer":"LN_BOBYQA","backend":"nlopt","ftol_rel":1.0e-12,"ftol_abs":1.0e-8,"xtol_rel":0.0,"xtol_abs":[1.0e-10,1.0e-10,1.0e-10,1.0e-10],"initial_step":[0.75,0.75,1.0,0.75],"maxtime":-1.0,"rhobeg":1.0,"rhoend":1.0e-6,"fitlog":[],"nAGQ":1,"REML":false,"sigma":null}