{"initial":[1.0740165099413594,0.10372573244665494,-0.6946495603091083,1.1356794492654931,-0.32443494089677755,-0.4817225110154729,-0.7026093336750628,-0.04327646711448804,1.0,0.0,0.0,0.0,1.0,0.0,0.0,1.0,0.0,1.0,1.0,0.0,0.0,0.0,0.0,0.0,0.0,0.0,1.0,0.0,0.0,0.0,0.0,0.0,0.0,1.0,0.0,0.0,0.0,0.0,0.0,1.0,0.0,0.0,0.0,0.0,1.0,0.0,0.0,0.0,1.0,0.0,0.0,1.0,0.0,1.0],"finitial":11114.19782262246,"final":[1.489482426630469,0.16528998301155434,-1.3397065987192196,1.7554475084477994,-0.4570782423685307,-0.4969881780913314,-1.6743056709497879,-0.04983788584507714,0.9924477670651662,-0.887127768040932,0.616947955026995,-0.7472605082872034,0.5683251108003454,-0.20511860512255606,0.5320716592926207,0.34569085915788533,-0.3134736630376449,0.4009885662182879,0.3455274191668148,0.07112159276153103,-0.13927857104774333,0.17172128302771045,0.0716363839132326,0.06380666505884049,0.12706822962891892,0.017289509285329796,0.31090620069291913,-0.021829136715763493,0.045807624277455744,-0.14738713489265337,0.2467721579008114,0.10480691814379493,-0.48598647343643453,0.2010855787774208,-0.21816472224810757,0.11633486830697622,0.019898417351531424,-0.12629013437113662,-0.1991115992487144,0.15615822924069087,-0.1194973916897782,0.1075005028183571,0.738490576847665,-0.7319401589393442,0.4004367093162877,-0.1465309316856494,-0.05374158636947504,0.15679654150248715,0.001208056380156311,0.011894762290441832,-0.014540144109672396,0.008236929822450528,-0.008272454458116696,0.0],"fmin":10727.369696754691,"feval":2754,"returnvalue":"FTOL_REACHED","xtol_zero_abs":0.001,"ftol_zero_abs":1.0e-5,"maxfeval":-1,"optimizer":"LN_BOBYQA","backend":"nlopt","ftol_rel":1.0e-12,"ftol_abs":1.0e-8,"xtol_rel":0.0,"xtol_abs":[1.0e-10,1.0e-10,1.0e-10,1.0e-10,1.0e-10,1.0e-10,1.0e-10,1.0e-10,1.0e-10,1.0e-10,1.0e-10,1.0e-10,1.0e-10,1.0e-10,1.0e-10,1.0e-10,1.0e-10,1.0e-10,1.0e-10,1.0e-10,1.0e-10,1.0e-10,1.0e-10,1.0e-10,1.0e-10,1.0e-10,1.0e-10,1.0e-10,1.0e-10,1.0e-10,1.0e-10,1.0e-10,1.0e-10,1.0e-10,1.0e-10,1.0e-10,1.0e-10,1.0e-10,1.0e-10,1.0e-10,1.0e-10,1.0e-10,1.0e-10,1.0e-10,1.0e-10,1.0e-10],"initial_step":[1.0740165099413594,0.10372573244665494,-0.6946495603091083,1.1356794492654931,-0.32443494089677755,-0.4817225110154729,-0.7026093336750628,-0.04327646711448804,0.75,1.0,1.0,1.0,0.75,1.0,1.0,0.75,1.0,0.75,0.75,1.0,1.0,1.0,1.0,1.0,1.0,1.0,0.75,1.0,1.0,1.0,1.0,1.0,1.0,0.75,1.0,1.0,1.0,1.0,1.0,0.75,1.0,1.0,1.0,1.0,0.75,1.0,1.0,1.0,0.75,1.0,1.0,0.75,1.0,0.75],"maxtime":-1.0,"rhobeg":1.0,"rhoend":1.0e-6,"fitlog":[],"nAGQ":1,"REML":false,"sigma":null}