{"initial":[1.0740165099413594,0.10372573244665494,-0.6946495603091083,1.1356794492654931,-0.32443494089677755,-0.4817225110154729,-0.7026093336750628,-0.04327646711448804,1.0,0.0,0.0,0.0,1.0,0.0,0.0,1.0,0.0,1.0,1.0,1.0,1.0,1.0,1.0,1.0,1.0,1.0],"finitial":11114.19782262246,"final":[1.4716232693933655,0.1943717192176002,-1.2965167145056022,1.7213840339825695,-0.5131147195819277,-0.46479867639638756,-1.6115572073973903,-0.14112663574554365,0.982394903715705,-0.858256870475605,0.6026557622963301,-0.7289067844476798,0.5669042126504924,-0.20506201585077802,0.508161520093236,0.3408316470644124,-0.26284183706169695,0.4067209150433767,0.33742522863918734,0.2673723722915078,0.2264706592866953,0.27814834551983886,0.4393266285926719,0.0,0.7329667789400337,0.5988466735384479],"fmin":10762.92348899863,"feval":1912,"returnvalue":"FTOL_REACHED","xtol_zero_abs":0.001,"ftol_zero_abs":1.0e-5,"maxfeval":-1,"optimizer":"LN_BOBYQA","backend":"nlopt","ftol_rel":1.0e-12,"ftol_abs":1.0e-8,"xtol_rel":0.0,"xtol_abs":[1.0e-10,1.0e-10,1.0e-10,1.0e-10,1.0e-10,1.0e-10,1.0e-10,1.0e-10,1.0e-10,1.0e-10,1.0e-10,1.0e-10,1.0e-10,1.0e-10,1.0e-10,1.0e-10,1.0e-10,1.0e-10],"initial_step":[1.0740165099413594,0.10372573244665494,-0.6946495603091083,1.1356794492654931,-0.32443494089677755,-0.4817225110154729,-0.7026093336750628,-0.04327646711448804,0.75,1.0,1.0,1.0,0.75,1.0,1.0,0.75,1.0,0.75,0.75,0.75,0.75,0.75,0.75,0.75,0.75,0.75],"maxtime":-1.0,"rhobeg":1.0,"rhoend":1.0e-6,"fitlog":[],"nAGQ":1,"REML":false,"sigma":null}