{"initial":[1.0740165099413594,0.10372573244665494,-0.6946495603091083,1.1356794492654931,-0.32443494089677755,-0.4817225110154729,-0.7026093336750628,-0.04327646711448804,1.0,0.0,0.0,0.0,1.0,0.0,0.0,1.0,0.0,1.0,1.0,1.0,1.0,1.0,1.0,1.0,1.0],"finitial":11113.743902889715,"final":[1.469846378568483,0.19683168549320118,-1.2940296738785668,1.718597264888365,-0.5157243548421162,-0.46203888768366524,-1.6076610998239407,-0.14436845003750715,0.9817434357272682,-0.8558621795113238,0.6020925366311086,-0.7238381158613579,0.5663976325788391,-0.20421394189451436,0.5086520058840351,0.3439278378206566,-0.2586834899832107,0.4045202733618984,0.3374033124516189,0.2649670846837309,0.22773865994390258,0.3018427674075629,0.43831832923657077,0.0,0.7251999430843106],"fmin":10763.78628969584,"feval":2085,"returnvalue":"FTOL_REACHED","xtol_zero_abs":0.001,"ftol_zero_abs":1.0e-5,"maxfeval":-1,"optimizer":"LN_BOBYQA","backend":"nlopt","ftol_rel":1.0e-12,"ftol_abs":1.0e-8,"xtol_rel":0.0,"xtol_abs":[1.0e-10,1.0e-10,1.0e-10,1.0e-10,1.0e-10,1.0e-10,1.0e-10,1.0e-10,1.0e-10,1.0e-10,1.0e-10,1.0e-10,1.0e-10,1.0e-10,1.0e-10,1.0e-10,1.0e-10],"initial_step":[1.0740165099413594,0.10372573244665494,-0.6946495603091083,1.1356794492654931,-0.32443494089677755,-0.4817225110154729,-0.7026093336750628,-0.04327646711448804,0.75,1.0,1.0,1.0,0.75,1.0,1.0,0.75,1.0,0.75,0.75,0.75,0.75,0.75,0.75,0.75,0.75],"maxtime":-1.0,"rhobeg":1.0,"rhoend":1.0e-6,"fitlog":[],"nAGQ":1,"REML":false,"sigma":null}