{"initial":[1.0740165099413594,0.10372573244665494,-0.6946495603091083,1.1356794492654931,-0.32443494089677755,-0.4817225110154729,-0.7026093336750628,-0.04327646711448804,1.0,0.0,0.0,0.0,1.0,0.0,0.0,1.0,0.0,1.0,1.0,1.0,1.0,1.0],"finitial":11056.254940154817,"final":[1.464301919116553,0.19208997291019528,-1.2906795005642944,1.7139384918719587,-0.5128786348825344,-0.46470712146018495,-1.60292591979614,-0.1383755800714037,0.9768859848905801,-0.853446927613436,0.6004206701394507,-0.7137813196259175,0.561973424068346,-0.20603658254956392,0.5346225188419008,0.3415442959618302,-0.2578216631376147,0.41674600940629486,0.33750345258512127,0.22874436096996523,0.43665263459092046,0.7244700490780143],"fmin":10772.327305430626,"feval":2064,"returnvalue":"FTOL_REACHED","xtol_zero_abs":0.001,"ftol_zero_abs":1.0e-5,"maxfeval":-1,"optimizer":"LN_BOBYQA","backend":"nlopt","ftol_rel":1.0e-12,"ftol_abs":1.0e-8,"xtol_rel":0.0,"xtol_abs":[1.0e-10,1.0e-10,1.0e-10,1.0e-10,1.0e-10,1.0e-10,1.0e-10,1.0e-10,1.0e-10,1.0e-10,1.0e-10,1.0e-10,1.0e-10,1.0e-10],"initial_step":[1.0740165099413594,0.10372573244665494,-0.6946495603091083,1.1356794492654931,-0.32443494089677755,-0.4817225110154729,-0.7026093336750628,-0.04327646711448804,0.75,1.0,1.0,1.0,0.75,1.0,1.0,0.75,1.0,0.75,0.75,0.75,0.75,0.75],"maxtime":-1.0,"rhobeg":1.0,"rhoend":1.0e-6,"fitlog":[],"nAGQ":1,"REML":false,"sigma":null}