{"initial":[1.0740165099413594,0.10372573244665494,-0.6946495603091083,1.1356794492654931,-0.32443494089677755,-0.4817225110154729,-0.7026093336750628,-0.04327646711448804,1.0,0.0,0.0,0.0,1.0,0.0,0.0,1.0,0.0,1.0,1.0,1.0,1.0,1.0,1.0,1.0],"finitial":11089.510685839183,"final":[1.4698651925313062,0.19679944240367855,-1.2940805289742214,1.7186380465727102,-0.5156085756937259,-0.46205302439972895,-1.6077652836774279,-0.1440361306185216,0.9817548774051361,-0.8558928940259053,0.6021408806612947,-0.7239847650201592,0.566404573014104,-0.2041835754684211,0.5086332564046263,0.34392954052786284,-0.2589897701475738,0.4048017531553133,0.3374037517933611,0.26497274572823426,0.22775130419797301,0.301914275922163,0.43829609299484523,0.7251257053329504],"fmin":10763.786297089497,"feval":2178,"returnvalue":"FTOL_REACHED","xtol_zero_abs":0.001,"ftol_zero_abs":1.0e-5,"maxfeval":-1,"optimizer":"LN_BOBYQA","backend":"nlopt","ftol_rel":1.0e-12,"ftol_abs":1.0e-8,"xtol_rel":0.0,"xtol_abs":[1.0e-10,1.0e-10,1.0e-10,1.0e-10,1.0e-10,1.0e-10,1.0e-10,1.0e-10,1.0e-10,1.0e-10,1.0e-10,1.0e-10,1.0e-10,1.0e-10,1.0e-10,1.0e-10],"initial_step":[1.0740165099413594,0.10372573244665494,-0.6946495603091083,1.1356794492654931,-0.32443494089677755,-0.4817225110154729,-0.7026093336750628,-0.04327646711448804,0.75,1.0,1.0,1.0,0.75,1.0,1.0,0.75,1.0,0.75,0.75,0.75,0.75,0.75,0.75,0.75],"maxtime":-1.0,"rhobeg":1.0,"rhoend":1.0e-6,"fitlog":[],"nAGQ":1,"REML":false,"sigma":null}