{"initial":[1.0740165099413594,0.10372573244665494,-0.6946495603091083,1.1356794492654931,-0.32443494089677755,-0.4817225110154729,-0.7026093336750628,-0.04327646711448804,1.0,0.0,0.0,0.0,1.0,0.0,0.0,1.0,0.0,1.0,1.0,0.0,0.0,0.0,1.0,0.0,0.0,1.0,0.0,1.0],"finitial":11056.254940154817,"final":[1.468556709818643,0.19395763169862726,-1.312853378202194,1.7179131817081483,-0.519001071402002,-0.4657434423710432,-1.6145526157649481,-0.12375286017151788,0.9808293366516934,-0.8740638512827036,0.6021932125136258,-0.7095049037447085,0.5539881651962402,-0.20195663374946837,0.5352801884261313,0.3462419467952319,-0.3013144113791688,0.38695995259244176,0.34442992980756293,-0.12942977290022792,0.07206349588437014,0.14315289672264594,0.1713620383130795,0.17054792387595796,-0.25945135375141937,0.40145948661891834,-0.1554922597253837,0.6057050278774914],"fmin":10763.678801355549,"feval":2633,"returnvalue":"FTOL_REACHED","xtol_zero_abs":0.001,"ftol_zero_abs":1.0e-5,"maxfeval":-1,"optimizer":"LN_BOBYQA","backend":"nlopt","ftol_rel":1.0e-12,"ftol_abs":1.0e-8,"xtol_rel":0.0,"xtol_abs":[1.0e-10,1.0e-10,1.0e-10,1.0e-10,1.0e-10,1.0e-10,1.0e-10,1.0e-10,1.0e-10,1.0e-10,1.0e-10,1.0e-10,1.0e-10,1.0e-10,1.0e-10,1.0e-10,1.0e-10,1.0e-10,1.0e-10,1.0e-10],"initial_step":[1.0740165099413594,0.10372573244665494,-0.6946495603091083,1.1356794492654931,-0.32443494089677755,-0.4817225110154729,-0.7026093336750628,-0.04327646711448804,0.75,1.0,1.0,1.0,0.75,1.0,1.0,0.75,1.0,0.75,0.75,1.0,1.0,1.0,0.75,1.0,1.0,0.75,1.0,0.75],"maxtime":-1.0,"rhobeg":1.0,"rhoend":1.0e-6,"fitlog":[],"nAGQ":1,"REML":false,"sigma":null}